round_epochs,loss,f1_score,val_loss,val_f1_score,batch_size,dropout,filter_size,filters,lr,optimizer,units
16,0.022073356365071278,0.9928591,0.099403305380156,0.9761095,64,0.1,3,128,0.01,Nadam,100
19,0.02090853370865372,0.9932622,0.10028491672686725,0.9767077,64,0.1,3,128,0.01,Adam,100
15,0.01906392396053421,0.9938431,0.1153302752598105,0.97556764,64,0.1,3,128,0.01,RMSprop,100
40,0.02792219373736983,0.99110067,0.09062933489396072,0.9754704,64,0.1,3,128,0.001,Nadam,100
40,0.027507946939668924,0.9912918,0.0876701712324119,0.97754973,64,0.1,3,128,0.001,Adam,100
35,0.022853428289015716,0.99255675,0.09733187776739007,0.97592705,64,0.1,3,128,0.001,RMSprop,100
100,0.06603558208340797,0.9793063,0.0915749815650467,0.9734515,64,0.1,3,128,0.0001,Nadam,100
100,0.0652737813157456,0.97998685,0.09229044577649893,0.9734384,64,0.1,3,128,0.0001,Adam,100
100,0.052768118853602455,0.98351413,0.08816543704644861,0.97472423,64,0.1,3,128,0.0001,RMSprop,100
